"","atr01","atr02","atr03","gas01","gas02"
"atr01",1,0.93823966170768,0.975347106118092,0.968049049790644,0.957681848179327
"atr02",0.93823966170768,1,0.933484116825931,0.956592938339851,0.95034997348769
"atr03",0.975347106118092,0.933484116825931,1,0.967206640307769,0.958387353100015
"gas01",0.968049049790644,0.956592938339851,0.967206640307769,1,0.967902082436967
"gas02",0.957681848179327,0.95034997348769,0.958387353100015,0.967902082436967,1
